{
  "schemaVersion": 1,
  "id": "trimeffects",
  "version": "${version}",
  "name": "TrimsEffects",
  "description": "This is an example description! Tell everyone what your mod is about!",
  "authors": [
    "Me!"
  ],
  "contact": {
    "homepage": "https://fabricmc.net/",
    "sources": "https://github.com/FabricMC/fabric-example-mod"
  },
  "license": "CC0-1.0",
  "icon": "assets/trimeffects/icon.png",
  "environment": "*",
  "entrypoints": {
    "main": [
      "dev.foxgirl.fabric.ExampleModFabric"
    ],
    "client": [
      "dev.foxgirl.fabric.client.ExampleModFabricClient"
    ]
  },
  "mixins": [
    "trimeffects.mixins.json"
  ],
  "depends": {
    "fabricloader": ">=0.16.9",
    "minecraft": "~1.21.4",
    "java": ">=21",
    "fabric-api": "*"
  },
  "suggests": {
    "another-mod": "*"
  }
}
